<?xml version="1.0" encoding="UTF-8"?>
<!DOCTYPE mapper PUBLIC "-//mybatis.org//DTD Mapper 3.0//EN"
 "http://mybatis.org/dtd/mybatis-3-mapper.dtd">

<mapper namespace="com.kim.app.model.page.MybatisPageDAO">

	<select id="selectAll" resultType="int">
		<choose>
			<when test="table.equals('movie')">
				select count(*) from movie where 1 = 1
				<choose>
					<when test="mtype == null or mtype.equals('')">
						<choose>
							<when test="search != null and !search.equals('')">
								and title like CONCAT('%',#{search},'%')

							</when>
						</choose>
					</when>
					<otherwise>
						<choose>
							<when test="search == null or search.equals('')">
								and mtype = #{mtype}
							</when>
							<otherwise>
								and mtype = #{mtype} and title like  CONCAT('%',#{search},'%')
							</otherwise>
						</choose>
					</otherwise>


				</choose>
			</when>

			<when test="table.equals('review')">
				select count(*) from review where mpk = #{mpk}
			</when>


		</choose>
	</select>


</mapper>
