<?xml version="1.0" encoding="UTF-8"?>
<!DOCTYPE mapper PUBLIC "-//mybatis.org//DTD Mapper 3.0//EN"
 "http://mybatis.org/dtd/mybatis-3-mapper.dtd">

<mapper namespace="com.kim.app.model.review.MybatisReviewDAO">

<select id="rSelectAll" resultType="ReviewVO">
select rpk, cmt, id, mpk, rating, date_format(rdate,'%Y-%m-%d %H:%i') rdate from review where mpk = #{mpk} order by rdate desc limit #{start}, #{perPage}
</select>

<select id="rSelectOne" resultType="ReviewVO">
select rpk, cmt, id, mpk, rating, date_format(rdate,'%Y-%m-%d %H:%i') rdate from review where id = #{id} and mpk = #{mpk}
</select>

<update id="mUpdate">
update movie set ratingavg= #{ratingavg} where mpk=#{mpk}
</update>

<insert id="insert">
	insert into review (cmt, id, mpk, rdate, rating) values(#{cmt}, #{id}, #{mpk}, now(),#{rating})
</insert>

<delete id="delete">
	delete from review where rpk = #{rpk}
</delete>

<select id="starAVG" resultType="double">
	select avg(rating) from review where mpk = #{mpk}
</select>
</mapper>