<?xml version="1.0" encoding="UTF-8"?>
<!DOCTYPE mapper PUBLIC "-//mybatis.org//DTD Mapper 3.0//EN"
 "http://mybatis.org/dtd/mybatis-3-mapper.dtd">
<mapper namespace="com.kim.app.model.client.MybatisClientDAO">

	<select id="login" resultType="ClientVO">
		select * from client where id= #{id} and pw = #{pw}
	</select>
	
	<select id="checkID" resultType="ClientVO">
		select * from client where id= #{id}
	</select>
	
	<insert id="insert">
		insert into client values (#{id},#{pw},#{email})
	</insert>
	
	<update id="update">
		update client set pw = #{pw}, email= #{email} where id = #{id}
	</update>
	
	<delete id="delete">
		delete from client where id = #{id}
	</delete>
	
	<update id="rUpdate">
		update review set id = '(알수없음)' where id = #{id}
	</update>
	
	
	
</mapper>
