 <?xml version="1.0" encoding="UTF-8"?>
<!DOCTYPE mapper PUBLIC "-//mybatis.org//DTD Mapper 3.0//EN"
 "http://mybatis.org/dtd/mybatis-3-mapper.dtd">
<mapper namespace="com.kim.app.model.movie.MybatisMovieDAO">


	<select id="selectRand" resultType="MovieVO">
		select * from movie
	</select>

	<select id="count" resultType="int">
		select count(*) from movie
	</select>
	
	<select id="selectAllm" resultType="MovieVO">
		select * from movie order by ratingavg desc limit #{start}, #{perPage}
	</select>
	<select id="selectAll" resultType="MovieVO">
		select * from movie where 1 = 1
		<choose>
			<when test="mtype==null or mtype.equals('')">
				<choose>
					<when test="search==null or search.equals('')">
						and 1 = 1
					</when>
					<otherwise>
						and title LIKE CONCAT(‘%’, #{search}, ‘%’)
					</otherwise>
				</choose>
			</when>
			<otherwise>
				<choose>
					<when test="search==null or search.equals('')">
						and mtype = #{mtype}
					</when>
					<otherwise>
						and mtype = #{mtype} and title LIKE CONCAT(‘%’,	#{search}, ‘%’)
					</otherwise>
				</choose>
			</otherwise>
		</choose>
		order by title asc limit #{start}, #{perPage}
	</select>











	<insert id="c_insertDB">
		insert into client values (#{id},#{pw},#{email})
	</insert>

	<update id="c_updateDB">
		update client set pw = #{pw}, email= #{email} where
		id = #{id}
	</update>

	<delete id="c_deleteDB">
		delete from client where id = #{id}
	</delete>
</mapper>
